{
  "admin.html": 1776115927.852026,
  "index.html": 1776116982.1501262,
  "novinka.html": 1775673866.5679328,
  "novinky.html": 1775738474.3210015,
  "skolka.html": 1776115924.2969313,
  "vcielka_editor.html": 1776112548.2524188,
  "VCIELKA_LOGO.png": 1775426174.042607,
  "vcielka_logo2.png": 1775672255.9042132
}